{
	 "rootnode": {
		 "name": "Scene"
		,"transformation": [
			 1
			,0
			,0
			,0
			,0
			,0
			,1
			,0
			,0
			,-1
			,0
			,0
			,0
			,0
			,0
			,1
		]
		,"children": [
			{
				 "name": "Cube"
				,"transformation": [
					 1
					,0
					,0
					,0.417368
					,0
					,1
					,0
					,0.208935
					,0
					,0
					,1
					,0.979792
					,0
					,0
					,0
					,1
				]
				,"meshes": [
					 0
				]
			}
		]
	}
	,"flags": 8
	,"meshes": [
		{
			 "name": "Cube"
			,"materialindex": 0
			,"primitivetypes": 4
			,"vertices": [
				 1
				,1
				,-1
				,-1
				,-1
				,-1
				,-1
				,1
				,-1
				,-1
				,1
				,1
				,0.999999
				,-1
				,1
				,1
				,1
				,1
				,1
				,1
				,1
				,1
				,-1
				,-1
				,1
				,1
				,-1
				,0.999999
				,-1
				,1
				,-1
				,-1
				,-1
				,1
				,-1
				,-1
				,-1
				,-1
				,-1
				,-1
				,1
				,1
				,-1
				,1
				,-1
				,1
				,1
				,-1
				,-1
				,1
				,1
				,1
				,1
				,1
				,1
				,-1
				,-1
				,-1
				,-1
				,1
				,0.999999
				,-1
				,1
				,-1
				,-1
				,1
				,-1
				,-1
				,1
				,-1
				,1
				,-1
			]
			,"normals": [
				 0
				,0
				,-1
				,0
				,0
				,-1
				,0
				,0
				,-1
				,0
				,0
				,1
				,0
				,0
				,1
				,0
				,0
				,1
				,1
				,0
				,-2.38419e-007
				,1
				,0
				,-2.38419e-007
				,1
				,0
				,-2.38419e-007
				,0
				,-1
				,-4.76837e-007
				,0
				,-1
				,-4.76837e-007
				,0
				,-1
				,-4.76837e-007
				,-1
				,2.38419e-007
				,-1.49012e-007
				,-1
				,2.38419e-007
				,-1.49012e-007
				,-1
				,2.38419e-007
				,-1.49012e-007
				,2.68221e-007
				,1
				,2.38419e-007
				,2.68221e-007
				,1
				,2.38419e-007
				,2.68221e-007
				,1
				,2.38419e-007
				,0
				,0
				,-1
				,0
				,0
				,1
				,1
				,-5.96046e-007
				,3.27825e-007
				,-4.76837e-007
				,-1
				,0
				,-1
				,2.38419e-007
				,-1.19209e-007
				,2.08616e-007
				,1
				,0
			]
			,"tangents": [
				 1
				,-2.74721e-008
				,0
				,1
				,-2.74721e-008
				,0
				,1
				,0
				,0
				,0.999995
				,-0.00302074
				,0
				,0.999995
				,-0.00302074
				,0
				,1
				,-2.38419e-007
				,0
				,1.97761e-007
				,0.999998
				,-0.00216445
				,1.97761e-007
				,0.999998
				,-0.00216445
				,-1.02987e-009
				,0.999991
				,-0.0043196
				,1
				,-1.58946e-007
				,2.84217e-014
				,1
				,-1.58946e-007
				,2.84217e-014
				,1
				,0
				,4.26326e-014
				,2.38898e-007
				,0.999996
				,-0.00269905
				,2.38898e-007
				,0.999996
				,-0.00269905
				,2.39599e-007
				,0.999968
				,-0.00797229
				,0.999996
				,-2.48352e-007
				,0.00286905
				,0.999996
				,-2.48352e-007
				,0.00286905
				,1
				,-2.68221e-007
				,-7.10546e-015
				,1
				,-8.24164e-008
				,0
				,0.999959
				,-0.00906166
				,0
				,5.95341e-007
				,0.999998
				,0.00214588
				,1
				,-4.76837e-007
				,0
				,2.37476e-007
				,0.999969
				,0.00784766
				,0.999963
				,-2.08608e-007
				,0.00860709
			]
			,"bitangents": [
				 0.108317
				,-0.994116
				,0
				,0.108317
				,-0.994116
				,0
				,0.241415
				,-0.970422
				,0
				,0.0207257
				,0.999785
				,0
				,0.0207257
				,0.999785
				,0
				,0.0284082
				,0.999596
				,0
				,-4.96709e-008
				,1.98999e-007
				,-1
				,-4.96709e-008
				,1.98999e-007
				,-1
				,-2.38419e-007
				,1.18259e-007
				,-1
				,1.56171e-007
				,3.17891e-007
				,-1
				,1.56171e-007
				,3.17891e-007
				,-1
				,2.98023e-007
				,4.76837e-007
				,-1
				,1.38489e-007
				,-0.00247234
				,-0.999997
				,1.38489e-007
				,-0.00247234
				,-0.999997
				,1.50963e-007
				,0.00820342
				,-0.999966
				,-0.00554676
				,1.60429e-007
				,-0.999985
				,-0.00554676
				,1.60429e-007
				,-0.999985
				,-0.00832008
				,2.40642e-007
				,-0.999965
				,-0.163875
				,-0.986481
				,0
				,0.00535717
				,0.999986
				,0
				,3.27825e-007
				,3.60477e-007
				,-1
				,-1.27534e-007
				,6.08129e-014
				,-1
				,1.13495e-007
				,-0.023823
				,-0.999716
				,0
				,0
				,-1
			]
			,"numuvcomponents": [
				 2
			]
			,"texturecoords": [
				[
					 0.541833
					,0.409153
					,0.437353
					,0.363952
					,0.458167
					,0.409153
					,0.511873
					,0.0496994
					,0.9915
					,0.988355
					,0.978246
					,0.0496994
					,0.502964
					,0.997854
					,0.00691688
					,0
					,0.502964
					,0.00429183
					,0.48467
					,0.998897
					,0.0173065
					,-0.0160642
					,0.48467
					,-0.0160642
					,0.00923407
					,0.00233728
					,0.494982
					,0.972819
					,0.49103
					,0.0100133
					,0.488495
					,-0.00720435
					,0.00952846
					,0.998621
					,0.484543
					,0.998621
					,0.562647
					,0.363952
					,0.514429
					,0.996938
					,0.00691682
					,1
					,0.0173064
					,0.998897
					,-0.00262374
					,0.980495
					,0.00952852
					,0.00137931
				]
			]
			,"faces": [
				[
					 0
					,1
					,2
				]
				,[
					 0
					,18
					,1
				]
				,[
					 3
					,4
					,5
				]
				,[
					 3
					,19
					,4
				]
				,[
					 6
					,7
					,8
				]
				,[
					 6
					,20
					,7
				]
				,[
					 9
					,10
					,11
				]
				,[
					 9
					,21
					,10
				]
				,[
					 12
					,13
					,14
				]
				,[
					 12
					,22
					,13
				]
				,[
					 15
					,16
					,17
				]
				,[
					 15
					,23
					,16
				]
			]
		}
	]
	,"materials": [
		{
			 "properties": [
				{
					 "key": "?mat.name"
					,"semantic": 0
					,"index": 0
					,"type": 3
					,"value": "Material-material"
				}
				,{
					 "key": "$mat.shadingm"
					,"semantic": 0
					,"index": 0
					,"type": 4
					,"value": 3
				}
				,{
					 "key": "$mat.twosided"
					,"semantic": 0
					,"index": 0
					,"type": 4
					,"value": 0
				}
				,{
					 "key": "$mat.wireframe"
					,"semantic": 0
					,"index": 0
					,"type": 4
					,"value": 0
				}
				,{
					 "key": "$clr.ambient"
					,"semantic": 0
					,"index": 0
					,"type": 1
					,"value": [
						 0
						,0
						,0
						,1
					]
				}
				,{
					 "key": "$clr.diffuse"
					,"semantic": 0
					,"index": 0
					,"type": 1
					,"value": [
						 0.6
						,0.6
						,0.6
						,1
					]
				}
				,{
					 "key": "$clr.specular"
					,"semantic": 0
					,"index": 0
					,"type": 1
					,"value": [
						 0.5
						,0.5
						,0.5
						,1
					]
				}
				,{
					 "key": "$clr.emissive"
					,"semantic": 0
					,"index": 0
					,"type": 1
					,"value": [
						 0
						,0
						,0
						,1
					]
				}
				,{
					 "key": "$clr.transparent"
					,"semantic": 0
					,"index": 0
					,"type": 1
					,"value": [
						 0
						,0
						,0
						,1
					]
				}
				,{
					 "key": "$clr.reflective"
					,"semantic": 0
					,"index": 0
					,"type": 1
					,"value": [
						 0
						,0
						,0
						,0
					]
				}
				,{
					 "key": "$mat.shininess"
					,"semantic": 0
					,"index": 0
					,"type": 1
					,"value": 50
				}
				,{
					 "key": "$mat.reflectivity"
					,"semantic": 0
					,"index": 0
					,"type": 1
					,"value": 1
				}
				,{
					 "key": "$mat.refracti"
					,"semantic": 0
					,"index": 0
					,"type": 1
					,"value": 1
				}
				,{
					 "key": "$mat.opacity"
					,"semantic": 0
					,"index": 0
					,"type": 1
					,"value": 1
				}
				,{
					 "key": "$tex.file"
					,"semantic": 1
					,"index": 0
					,"type": 3
					,"value": "kutu_texture.png"
				}
				,{
					 "key": "$tex.mapmodeu"
					,"semantic": 1
					,"index": 0
					,